username,target
@wagagaikoko,@pritipatel
@Coffeephile30,@narendramodi
@kevinmairura,@spriter99880
@Squiffey_101,@BorisJohnson
@alubeida,@UNHumanRights
@UncleObama_,@Kuba59957242
@HassanY89,@Billbrowder
@alubeida,@YouTube
@MEROUANENABIL1,@MoorishMovement
@miskristian,@ZemmourEric
@kalajadu93,@KhaledBeydoun
@Bob_Footy_Horse,@mrjamesob
@olga_89_,@berlinale
@Abel_Asfawosen,@SecBlinken
@lbrutti,@mazzeoantonio
@PKPaz1,@RaviSinghKA
@SupremeCouncil8,@ARYNEWSOFFICIAL
@h_alemu,@antonioguterres
@radany129,@ChelseaFC
@SilenceIsGolddd,@NATO
@AhmedAlsaady0,@YouTube
@WtxNews,@yvonneridley
@LeaderlessOne,@RobertKalcza
@LeaderlessOne,@elonmusk
@WtxNews,@yvonneridley
@LeaderlessOne,@Jungle84209456
@WtxNews,@yvonneridley
@LeaderlessOne,@Spartakus737
@mkzakariya,@lsarsour
@LeaderlessOne,@MalarkeyIndeed
@AmbazoniaAmba,@UN
@Kashmiri_92,@sweden
@kalajadu93,@trtworld
@wagagaikoko,@BBCWorld
@tayfun_balcik,@markrutte
@johnnymuri,@moneyacademyKE
@SilenceIsGolddd,@asmU11
@trieb88,@lpage_afrique
@hoshininareru,@DailyMailUK
@izzAzzuz,@YouTube
@SilenceIsGolddd,@WorldRemit
@elysium0820,@CTVNews
@Harry_Boota,@ClareDalyMEP
@lovestormAF,@olgatokariuk
@UncleObama_,@tony1977tony
@Erste88,@KensingtonRoyal
@MagnificoDeeJay,@nunocarvalhose1
@lilyesha_lilye,@POTUS
@volontara,@soutenirzemmour
@unfiltered680,@Ukraine
@SilenceIsGolddd,@_AfricanUnion
@JennyCampbellKl,@YouTube
@Coffeephile30,@Aakuboi
@truthwsyf,@EU_Commission
@Aliyah00001,@Quicktake
@TweeterMytweets,@Trevornoah
@hikkishore,@TarekFatah
@WOKEBLACKPEOPLE,@msnbc
@OniJoseph,@nbcnews
@sydbusinspector,@BWallArthur
@SilenceIsGolddd,@mehdirhasan
@Mudasar508,@cjwerleman
@ninet33n88,@2nacheki
@shimiMicaela,@bbcstudio
@Mihidase,@Poland's
@AIdreessy,@TheEnvoyWay
@mmmm01038710,@Mash_0530
@Alex_G_AGA,@_AfricanUnion
@Whyruso_serious,@GermanEmbassySA
@Whyruso_serious,@GermanEmbassySA
@Whyruso_serious,@GermanEmbassySA
@Whyruso_serious,@GermanEmbassySA
@Whyruso_serious,@GermanEmbassySA
@31ocean,@pannatchii
@BUMFhyof4dsreYA,@Reuters
@iamsanketdesai_,@lapatina_
@eraofmoon,@TheKaouther
@advait108,@Trevornoah
@deliari25,@ahmed_hamadeh
@Aliyah00001,@GeorgeTakei
@WOKEBLACKPEOPLE,@DailymotionUSA
@WOKEBLACKPEOPLE,@nbcnews
@WOKEBLACKPEOPLE,@msnbc
@denizozbayer,@yeniakit
@Piping_engg,@Reuters
@JennyCampbellKl,@YouTube
@Iegend_lstRRS,@Daniel_Soff
@HassanY89,@Europarl_EN
@alinixaam,@KremlinRussia_E
@lolabeck18,@NancyFaeser
@MpeseProud,@EmbassyofRussia
@Foquin_Beto,@F1
@neuraldeamons,@Thomas_Sparrow
@Selam37010391,@TheDailyShow
@onelilsZ,@Femi_Sorry
@blue__armor,@JohnnyMercerUK
@Alex_Rudeboy,@mehdirhasan
@maithilibaliga,@DeborahMeaden
@SR55440260,@Jairo_I_Funez
@Mj_516,@UN
@onelilsZ,@ASBMilitary
@HassanY89,@SkyNews
@onelilsZ,@DenisRogatyuk
@onelilsZ,@ChinaDaily
@onelilsZ,@AJEnglish
@glendaloughgirl,@RTENewsPaulC
@SheNoL33,@nehoez
@nellyotieno1,@AJEnglish
@UncleObama_,@RhonddaBryant
@sajjaadalavi,@ZelenskyyUa
@dojicandlestick,@guardiannews
@only_vynnychura,@empiremike__
@DrMuange,@russembkenya
@raihan_shezan,@YouTube
@Aliyah00001,@DGisSERIOUS
@Maisamkk,@YouTube
@onelilsZ,@RT_com
@hoangtoro,@ministryofsport
@onelilsZ,@OmarAlghabra
@Human_R_W,@suheilhammoud
@Gilbertbruno11,@Kenyans
@onelilsZ,@Kristiear91
@ansari0294,@UN
@Aliyah00001,@joshscampbell
@onelilsZ,@DarthVegan5
@ColonelMcPoopy1,@charliecbs
@onelilsZ,@PressTV
@itsmathews_,@Kenyans
@JokeoV,@ClashRoyaleFR
@MagnificoDeeJay,@camalees
@SpikeNarde,@MarkWarner
@SpikeNarde,@MarkWarner
@hannamendesil,@JenGriffinFNC
@onelilsZ,@ASBMilitary
@Charlie46379625,@carlbildt
@Ashad_Alii,@TherealNihal
@HassanY89,@Ibrahimkha00
@DrMuange,@russembkenya
@blue__armor,@AlStewartOBE
@onelilsZ,@RT_com
@onelilsZ,@ASBMilitary
@HassanY89,@KawsachunNews
@HassanY89,@SkyNews
@YerkoKiyoki,@gabrielrufia
@Marvinaelen,@NZZ
@qattouch,@AllezLesBoulez
@haroonkarodia11,@santafeez
@sabsurtie,@ScharoMaroof
@illusioneverywh,@KellyCobiella
@arundevaeie,@Festival_Cannes
@illusioneverywh,@BBCRosAtkins
@illusioneverywh,@BBCRosAtkins
@truthwsyf,@IntlCrimCourt
@The_true_Jay,@OpIndia_in
@The_true_Jay,@ItsShubhangi
@hate_stopper,@KawsachunNews
@vanessataon,@lapatina_
@Ashad_Alii,@SonnyBWilliams
@Infinite_echoes,@BBCkatyaadler
@sabrinatucci,@richimedhurst
@READY2MIX,@Melanitaylor88
@masterpiece_007,@waqask10
@masterpiece_007,@Imran_immu77
@Cihad_Senel,@zeitonline
@BadatAyesha,@AJEnglish
@KASH_EER,@MalikMujahid
@onelilsZ,@RWApodcast
@onelilsZ,@agent_of_change
@onelilsZ,@RT_com
@abari_esther,@Change
@DrLTBell,@Trevornoah
@sweetfacelola10,@JoyAnnReid
@hannamendesil,@glasgowfilmfest
@HassanY89,@StanleyCohenLaw
@saraschulzshow,@Morning_Joe
@WarutereSnr,@DmytroKuleba
@webreatheCrick1,@HasinaBegom2
@ignomings,@Trevornoah
@TurbineJetRC,@Moizkhan
@onelilsZ,@RT_com
@alex1at,@YouTube
@christianusnavy,@palkisu
@gabriellaQatar,@MFA_Ukraine
@lisa_mcaree,@ruthlessimagery
@christianusnavy,@IndisputableTYT
@onelilsZ,@PressTV
@Dejene_Eebba,@RusEmbEthiopia
@Pakistanorhum,@LadyVelvet_HFQ
@TurbineJetRC,@cjwerleman
@Ramy_Sawma,@AlanRMacLeod
@Ramy_Sawma,@AlanRMacLeod
@onelilsZ,@RT_com
@onelilsZ,@RT_com
@TurbineJetRC,@Liberty5380
@onelilsZ,@ASBMilitary
@bobokipara,@alfonslopeztena
@govindenviro,@StopRacisim
@onelilsZ,@ASBMilitary
@onelilsZ,@ASBMilitary
@PoopyVii,@AskASwiss
@taurufam,@Endarlyana
@ElCritiq,@UN
@FetsiNtate,@SAfmnews
@Ishmourda254,@Russia
@samarmoh1177,@EmadHajjaj
@hannamendesil,@FR_Desarmement
@abhinavrajkumar,"@AOC,,@KremlinRussia_E,@abdulla_shahid"
@rhj1910,@PSFAERO
@PrescientTrade,@PrescientTrade
@rhj1910,@GeorgeSzamuely
@PrescientTrade,@PrescientTrade
@abhinavrajkumar,@BorisJohnson
@Dr_NKhan,@KellyCobiella
@jeana5487,@YouTube
@_guillherne_,@Daniloxis
@a4awaisqarni,@HadiNasrallah
@matthewok15,@ajamubaraka
@MOSEMBEHESBON,@UKRinKEN
@thethiagor,@gugachacra
@SajjadAMallick,@cnni
@sir_isiac,@FHeisbourg
@Afgyaam,@worldonalert
@shannra666,@stephanpalagan
@Fomoko3,@atubsaan
@OumaFlo,@kilundeezy
@matthewok15,@ajamubaraka
@drimranqamar,@AlanRMacLeod
@Fomoko3,@thitruth
@matthewok15,@MickBarryTD
@SanRoeken,@BijanCNN
@MarwaEl94317678,@ajplus
@Ruuu_Dra,@freedomhouse
@r00t_me,@EmmanuelMacron
@sbala13,@ANI
@Patriot_em,@DanSuperdan2
@32etr02,@ekrem_imamoglu
@ItsMayakah,@ANI
@Essha_PTI,@MailOnline
@sidizzy,@AlanRMacLeod
@RaviHarrow,@jukaukor
@Lokendaryadav69,@KyivIndependent
@BoruMeti,@BBCAfrica
@sol_macky,@Olivier_Truchot
@Aliyah00001,@TheLegateIN
@Aliyah00001,@Khushter15
@MewingTiger,@RShivshankar
@Sirna_Oromo,@AJEnglish
@Ishmourda254,@ijaydenx
@sugar__froggie,@washingtonpost
@menon_shobhith,@Ukraine
@SilenceIsGolddd,@_AfricanUnion
@ItsMayakah,@abukenya21_Ug
@KenyanTraffic,@rkbett1
@HannahMayo55,@Jerusalem_Post
@iiiamOJ,@piersmorgan
@g1pandey1,@AJEnglish
@naima_c_786,@Analystdaily
@ReubenNkem121,@GazetteNGR
@mojtabaaltarazi,"@KellyCobiella,,@NBCNews,@UNHumanRights"
@DhenwalShubham,@Rasspad22
@Danya14712497,@FoxNews
@Danya14712497,@Reuters
@muserabdi,@USAmbKenya
@Bichettt,@_Makada_
@ishaan_2711,@Ukraine
@rayklanderman,@ItsMutai
@ansari0294,@Ukraine
@sugar__froggie,@Dtheuntouchable
@Shane41643395,@rannnda
@eriknjoka,@ItsMutai
@Shane41643395,@JackPosobiec
@Ishmourda254,@patemejuru
@Ishmourda254,@AurangZK
@Ishmourda254,@LindaResista
@Ishmourda254,@ijaydenx
@Ishmourda254,@jogarcia618
@sirabbe,@JMNkugwa
@Ishmourda254,@Charlotte116444
@Ishmourda254,@VinayDokania
@Ishmourda254,@Luckyleg88
@Ishmourda254,@Bluebor416
@Ishmourda254,@TeofimoLopez
@Ishmourda254,@MilanCHE111
@Ishmourda254,@IAPonomarenkoo
@rhj1910,@UN
@salimwarren_1,@OtienoEugene_O
@FariiFerrarii,@Brayson53233089:
@YunusAlamgeer,@Reuters
@YunusAlamgeer,@Reuters
@YunusAlamgeer,@Reuters
@KenyanMarketer1,@SPRUCING
@Alhaaji01,@AsstSecStateAF
@jackbit_njagi,@jackbit_njagi's
@jackbit_njagi,@jackbit_njagi's
@jackbit_njagi,@jackbit_njagi's
@bill99540642,@amazonmusic
@KholtiSamira,@Decimaitre
@vela_kt,@WIONews
@S_t_e_ve_,@ItsMutai
@S_t_e_ve_,@ItsMutai
@jackbit_njagi,@jackbit_njagi's
@vincy_king,@YouTube
@teukufarhan,@JohnnaCrider1
@jackbit_njagi,@jackbit_njagi's
@vela_kt,@WIONews
@Cracker42Joseph,@StompTheGOP
@anjs1551,@NikkiHaley
@ThomasZGeneral,@TiffanyHaddish
@LavalFrom,@ConstanceJackso
@kamirimoses,@MakauWaMuli
@7abibyHussein,@ala0ml
@7abibyHussein,@allouush
@Deadwaffle96,@brightize13The
@emai_ke,@AlanRMacLeod
@Cleophasmose4,@ItsMutai
@RationalCupid,@Montanaidk
@Eagleadvocates,@TheEconomist
@AlexRedwedge,@visegrad24
@Charlot16482069,@guardian
@BoruMeti,@AsstSecStateAF
@jackbit_njagi,@jackbit_njagi's
@jackbit_njagi,@jackbit_njagi's
@jackbit_njagi,@jackbit_njagi's
@ShockRebel,@KevinDe85249503
@1KenyaWest,@sahouraxo
@danniwainaina,@kurtrisser
@danniwainaina,@1813Doncarlo
@danniwainaina,@kaitlancollins
@jackbit_njagi,@jackbit_njagi's
@boccolotti,@sbonaccini
@danniwainaina,@AdamParkhomenko
@jackbit_njagi,@jackbit_njagi's
@danniwainaina,@TheUADude
@danniwainaina,@lapatina_
@SamuelNduch,@AfricaFactsZone
@inasirarain,@ZaidZamanHamid
@Nodrgsnlve,@Damilare_arah
@AlmadanBasel,@MariamBarghouti
@jackbit_njagi,@jackbit_njagi's
@jackbit_njagi,@jackbit_njagi's
@jackbit_njagi,@jackbit_njagi's
@pketwol,@ItsMutai
@Bichettt,@MrsDavidSambora
@art_soul_ke,@ItsMutai
@Bkirimi2,@ItsMutai
@papafavour,@Brayson53233089
@abukarm53,@DmytroKuleba
@abukarm53,@EmmanuelMacron
@SamuelNduch,@pinatafarms
@bill99540642,@amazonmusic
@Kabianga985,@Kasparov63
@AAWahab1919,@AlanRMacLeod
@sheepish_lion_,@ChristzSoulja
@Amadadi7,@KremlinRussia_E
@Ajy_NationFirst,@ANI
@toshVictor,@ItsMutai
@deejayiconiqq,@YouTube
@BrassKnuckTruck,@JustinTrudeau
@AlexMbeva,@MutuaKoome
@SamuelNduch,@ItsMutai
@CharloteEnglish,@Reuters
@elysium0820,@NatObserver
@NDUNGU2010,@OKanzio
@OumaFlo,@ItsMutai
@Bonayawodiq,@ItsMutai
@MashRomeo,@ItsMutai
@HarunaNAbdullah,@paIestiine
@Cracker42Joseph,@rtyson82
@wangai_kenny,@ItsMutai
@Kyeney_kimz,@stevotienoonyi
@BenjieTiP,@IAPonomarenko
@Ja50n7,@UEFA
@Qwiickk,@ananavarro
@MashRomeo,@RobertAlai
@SamwelDollah,@KICC_kenya
@rhj1910,@PSFAERO
@Malela__,@AlJazeera
@Kajuga0,@_AfricanUnion
@rahat_hasan7,@ZelenskyyUa
@CliffMatundura,@CliffMatundura
@MoretteThompson,@Grabski12635109
@MoretteThompson,@Grabski12635109
@MoretteThompson,@YouTube
@MykeArena,@ItsMutai
@ajay7490verma,@ANI
@MtnGithaigaA1,@_AfricanUnion
@MalayPalm,@Ianblackford_MP
@ajay7490verma,@ANI
@PLordwolf,@Russia
@ne_llaa,@Brayson53233089
@AgorasBlog,@Brayson53233089
@sinafich,@BTnewsroom
@Oluwato72318773,@InfoMigrants
@TurbineJetRC,@fatnixon2020
@TurbineJetRC,@inteligenk
@TurbineJetRC,@alienmotives
@TurbineJetRC,@TracyMorison
@UoWont,@ndtvfeed
@MFNGARI,@KremlinRussia_E
@axprague,@PolandMFA
@DrMuange,@_AfricanUnion
@UngoogleableMan,@UNICEFnl
@CryptoFossils,@NasrinRasheda
@abdalraheem,@AJEnglish
@AzimioWananchi,@ItsMutai
@mayajpsartre,@BBCNews
@HardTruth6,@SkyNews
@abdullah_evans,@jim_mash
@warui_wangui,@RohitKrmishra
@OburuCornnelius,@NahashonKimemia
@axprague,@LastWeekTonight
@OpondoCharles1,@RobertAlai
@A__j2,@CBSEveningNews
@amKumarRahul,@fatimatlis
@Mtalii_Official,@officialzuchu
@Gooseactual1,@russembkenya
@bdoor_kutbi,@ali_alketbi8
@OrngeTruthSeekr,@rommari
@muraitc,@madan3
@ole_Tajeu,@JackyKemigisa
@kevinmairura,@calxandr
@SirHenryKau,@ThePandaFama1
@UncleObama_,@AWasilek
@Fadhil_1621,@ItsMutai
@Channel54News,@governorkiraitu
@omi569,@KremlinRussia_E
@strangerinKyiv,@ItsMutai
@Shane41643395,@ng_ukraine
@MMwingirwa,@HusseinMohamedg
@fdescds92,@PENELOPPE192
@anita_sharon,@realMugoDaniel
@DissectHub,@Dissecthub
@update_war,@ChinmayZanpure
@Eduard84561900,@minepinetworrk
@rk_mbs,@GovernmentRF
@BlackNerves,@HereToRebuild
@mohitti,@ragipsoylu
@OmarLali_,@RailaOdinga
@ishaan_2711,@MarinaTechTO
@ishaan_2711,@RabbiJill
@ishaan_2711,@AChatterjee24
@ishaan_2711,@Westandwith2
@ishaan_2711,@kliuch
@Ruu_Dra,@greenysoulin
@ishaan_2711,@MatthiasMuell15
@Hellsquad_82,@V_Schneiderman
@MaximusJohn,@KyleJamesHoward
@Hellsquad_82,@SamwumOJO
@Hellsquad_82,@AnonymousUK2022
@Anon1KENYA,@doqan_ee_yere
@TweetByBobiWine,@RudrakshiFarhan
@Hellsquad_82,@AnonLegionUS
@frontier_ltdKE,@frontiercontainers.co.ke
@_vileg_,@StateHouseKenya
@Hellsquad_82,@bibliofleur
@Hellsquad_82,@RhonddaBryant
@Hellsquad_82,@AnonymousUK2022
@Prathamheree,@Pinkimusicoffi1
@Hellsquad_82,@ukraineupdates_
@Hellsquad_82,@lapatina_
@Hellsquad_82,@AlArabiya_Eng
@Hellsquad_82,@GuiltyPutin
@Hellsquad_82,@LakotaMan1
@Hellsquad_82,@sentdefender
@Hellsquad_82,@nexta_tv
@Hellsquad_82,@nichvydycia
@Hellsquad_82,@KB_Dirtbag
@TweetByBobiWine,@Emmyton5
@atulit17,@EU_Commission
@Channel54News,@gladyswanga
@Hellsquad_82,@Siddique_rafat_
@Hellsquad_82,@tedlieu
@TweetByBobiWine,@ItsMutai
@Hellsquad_82,@Biz_Ukraine_Mag
@super_Rajputt,@asila_esther
@kipvista,@azertyt25415518
@MaosaPhilip,@MaosaPhilip
@muraitc,@BBCWorld
@Rishabhji51,@KremlinRussia_E
@kipvista,@RMAera__
@FEGdUp,@gladstein
@Oko_ngo,@F_M_Networks
@super_Rajputt,@LilibethJaquez
@rizz13classics,@vonderleyen
@abhinavrajkumar,@BorisJohnson
@Afraha_icon,@
@Mswahili_ke,@clad254
@TheEMambo,@ItsMutai
@Siasa_2022,@POTUS
@ED_C137,@LilibethJaquez
@AvinashGha95,@vaibhavUP65
@Nickk_254,@vonderleyen
@kai_wavey,@victoriaalxndr
@dape_fan333,@garyvee
@serlinglaw,@Damilare_arah
@VipulBipul,@leentamimi2
@Eve_lynKE,@_natashamoha
@AssalifD,@jeffpropulsion
@beatambutei,@johnnjenga
@moruribrian,@Mbesha94s1
@40d8f6b7ab4045d,@BBCAfrica
@favored_stevens,@OKanzio
@DaveKengabi,@Arrow_Dental
@srtalak,@KyivIndependent
@TeDeTouro,@AlanRMacLeod
@ItsMayakah,@IlhanMN
@deca_poda,@AlanRMacLeod
@teefy,@CBSNews
@Namte10,@McFaul
@the_kijiji,@ParadigmSlip
@NewsComWorld,@MEAIndia
@Michlifen9,@Brayson53233089
@DeniseB928,@k
@lakemasterz,@lakemasterz
@Alhaaji01,@AlanRMacLeod
@Bharat4Justice,@EU_Commission
@Mercy_Cherlotte,@Migiro16
@Mercy_Cherlotte,@angrysugar4
@Mercy_Cherlotte,@TaubHistory
@Mercy_Cherlotte,@MeidasTouch
@lionel_vikey,@Julius_S_Malema
@benKEofficial,@spectatorindex
@JustNPoetic2,@Spotify
@MeekAssgood23,@oakborn
@_teds1,@ItsMutai
@NzangiMuoki,@ItsMutai
@254_hitler,@ZelenskyyUa
@LKononden,@KremlinRussia
@KhalifCliff,@NICKIMINAJ
@Kibonge254,@garyhgoodridge
@UoWont,@stephhegarty
@ABELAKINSEYE2,@abikedabiri
@Infinite_echoes,@arwaib
@Infinite_echoes,@visecs
@TurbineJetRC,@Perri_Striker
@itscheru,@stiwari1510
@TheDuskyDawn,@RT_com
@VVenkyVV,@InnaSovsun
@RobertAlai,@vonderleyen
@Wambua_LR,@dude_flawless
@CIaudevandame,@poland
@HardTruth6,@Telegraph
@KevlonK,@ItsMutai
@NjanakeMwangi,@whiotv
@UncleObama_,@NIAbbot
@ChMUmair,@nh90778548
@Oulouloujsuisla,@Adimbola
@RobertAlai,@taibalitaib
@VeerleSchollen,@vonderleyen
@trustmeimhot,@Ukraine
@UncleObama_,@0Calamity
@UncleObama_,@AntiRacismDay
@AberraDaddii,@MayorofLondon
@AAOjetimi,@ItsMutai
@felly_slimdddy,@lapatina_
@felly_slimdddy,@AlinurMohamed_
@Felicity1998R,@BBC
@AssalifD,@euronews
@shashi_ranjan77,@ShekharGupta
@Pauline15677887,@ww3updatez
@ZunderCadabra,@TheEconomist
@ibadull29888620,@ItsMutai
@opiyo_Sml,@RobertAlai
@opiyo_Sml,@ItsMutai
@DrMuange,@ItsMutai
@opiyo_Sml,@RobertAlai
@ansari0294,@NATO
@kevinmairura,@AfricaFactsZone
@angrysugar4,@BenjaminRamm
@angrysugar4,@Nattybongo57
@KeroreLemiso,@AfricaFactsZone
@hillarymitei21,@ItsMutai
@LordJustineRop,@ItsMutai
@phylmario,@johnallannamu
@KassimRama5,@RobertAlai
@ScorpionPlan,@irvinmigue
@ScorpionPlan,@FicoGutierrez
@segenmsemere,@Refugees
@segenmsemere,@FilippoGrandi
@ginalovell545,@annelovell743
@ginalovell545,@TRUTHTIMEPLS
@ginalovell545,@haringeycouncil
@tenstrops,@RBC
@tenstrops,@BMO
@tenstrops,@cibc
@tenstrops,@TD_Canada
@shuxands7567898,@AutismLife19yrs
@shuxands7567898,@lapatina_
@herbtvet,@TheView
@herbtvet,@abby_roque
@herbtvet,@USWNT
@Coffeephile30,@mfa_russia
@Coffeephile30,@KremlinRussia_E
@Coffeephile30,@RusEmbUSA
@Coffeephile30,@RussianEmbassy
@Coffeephile30,@RusBotschaft @mission_russian
@Coffeephile30,@RussiaUN
@Coffeephile30,@RusBotWien
@Coffeephile30,@FranceEnRussie
@Coffeephile30,@RussianEmbassyC @RF_OSCE
@UncleObama_,@lbc
@UncleObama_,@cnn
@UncleObama_,@AlJazeera_World
@UncleObama_,@Voldamortpott
@UncleObama_,@1313wad
@UncleObama_,@MirrorPolitics
@UncleObama_,@1313wad
@UncleObama_,@LBC
@UncleObama_,@NickFerrariLBC
@UncleObama_,@LBC
@UncleObama_,@NickFerrariLBC
@UncleObama_,@HackneyAbbott
@UncleObama_,@SheilaBurgoyne1
@UncleObama_,@Keir_Starmer
@MagnificoDeeJay,@vonderleyen
@MagnificoDeeJay,@antoniocostapm
@wagagaikoko,@vonderleyen
@wagagaikoko,@NATO
@wagagaikoko,@10DowningStreet
@wagagaikoko,@BorisJohnson
@ViassyPool,@RepAOC
@ViassyPool,@HouseForeign
@ViassyPool,@Ilhan
@ViassyPool,@donlemon
@ViassyPool,@AOC
@ViassyPool,@Ilhan
@ShaneduBarrie1,@BorisJohnson
@ShaneduBarrie2,@Keir_Starmer
@ShaneduBarrie3,@EdwardJDavey
@WtxNews,@yvonneridley
@WtxNews,@Bahabris
@WtxNews,@Jeggit
@LeaderlessOne,@Spartakus737
@LeaderlessOne,@apxforkyiv
@LeaderlessOne,@larserikringen
@LeaderlessOne,@Spartakus737
@LeaderlessOne,@misrnasser
@WtxNews,@yvonneridley
@WtxNews,@Bahabris
@LeaderlessOne,@larserikringen
@LeaderlessOne,@Spartakus737
@LeaderlessOne,@M4sk8er
@LeaderlessOne,@Spartakus737
@LeaderlessOne,@M4sk8er
@olga_89_,@FilippoGrandi
@olga_89_,@UN
@AmbazoniaAmba,@JackPeters80
@AmbazoniaAmba,@UN
@AmbazoniaAmba,@AvniDervishi
@AmbazoniaAmba,@UN
@AmbazoniaAmba,@asifjavedoffic1
@AmbazoniaAmba,@UN
@AmbazoniaAmba,@miriwood
@AmbazoniaAmba,@UN
@AmbazoniaAmba,@5L_scripts
@AmbazoniaAmba,@UN
@AmbazoniaAmba,@erictheunicorn
@AmbazoniaAmba,@UN
@EncroMoney,@BorisJohnson
@EncroMoney,@POTUS
@EncroMoney,@Europarl_EN
@olga_89_,@Ligue1UberEats
@olga_89_,@StadeDeReims
@olga_89_,@Flips_Alexis
@wagagaikoko,@Ash_Hirani
@wagagaikoko,@GBNEWS
@Ice_Phantom,@WhoopiGoldberg
@Ice_Phantom,@tariqnasheed
@Ice_Phantom,@TheBlackChannel
@WillTaak,@Eva9843
@WillTaak,@Raymo35
@WillTaak,@AFP
@UncleObama_,@JudithLockhar16
@UncleObama_,@UKChange
@kijanayatown,@RepCohen
@kijanayatown,@POTUS
@Whyruso_serious,@MargaretAtwood
@Whyruso_serious,@thedailybeast
@UncleObama_,@NickFerrariLBC
@UncleObama_,@IainDale
@UncleObama_,@HackneyAbbott
@JayHassan20,@TakkumakiT
@JayHassan20,@ayosogunro
@wisdom_quo,@BBC
@wisdom_quo,@BBCNews
@UncleObama_,@yours_kat
@UncleObama_,@afizejem
@UncleObama_,@iyoba4u
@abhinavrajkumar,@BorisJohnson
@abhinavrajkumar,@abdulla_shahid
@abhinavrajkumar,@antonioguterres
@HassanY89,@UN
@HassanY89,@_AfricanUnion
@HassanY89,@PressTV
@Whyruso_serious,@EmilyGorcenski
@Whyruso_serious,@gautham_t
@TurbineJetRC,@Sundancer_UK
@TurbineJetRC,@Two_Penneth
@TurbineJetRC,@CarolineLucas
@schazadh,@UN
@schazadh,@UNHumanRights
@schazadh,@amnesty
@Mani05499207,@DebEm03
@Mani05499207,@myldn
@race_male,@LBC
@hannamendesil,@ajplus
@hannamendesil,@AinAfrica
@truthwsyf,@EU_Commission
@truthwsyf,@EP_President
@truthwsyf,@vonderleyen
@nafluZ_i,@IhsanUllahHasen
@nafluZ_i,@KremlinRussia_E
@nafluZ_i,@RusEmbJakarta
@abhinavrajkumar,@sundarpichai
@abhinavrajkumar,@Google
@abhinavrajkumar,@Kent_Walker
@gusdureen,@hzomlot
@gusdureen,@CakNur_Society
@abhinavrajkumar,@ZiobroPL
@abhinavrajkumar,@SecBlinken
@trieb88,@SenSanders
@trieb88,@dailymaverick
@trieb88,@Poplak
@KaAbdelfatah,@Santi_ABASCAL
@KaAbdelfatah,@vox_es
@TurbineJetRC,@RemusBaisan
@DrOlayeye,@wertico1916
@DrOlayeye,@JanuszMichallik
@UncleObama_,@NIAbbot
@UncleObama_,@NickFerrariLBC
@_kimbichwa_,@YOUNGIBIS
@_kimbichwa_,@AlanRMacLeod
@Abdulrhmansal,@BBCWorld
@Abdulrhmansal,@CNN
@Abdulrhmansal,@abcnews
@abhinavrajkumar,@BorisJohnson
@abhinavrajkumar,@volkan_bozkir
@abhinavrajkumar,@abdulla_shahid
@Ishmourda254,@NickKnudsenUS
@Ishmourda254,@WuodNyauyoma_
@Ishmourda254,@imaginebluetit
@Ishmourda254,@GCaseyCarlson
@Ishmourda254,@KuznickiJakub
@Ishmourda254,@LanceSterling12
@Ishmourda254,@BHatersluv
@Ishmourda254,@KennyNwankw0
@Ishmourda254,@mohankeech
@Ishmourda254,@breaking_newsx
@Ishmourda254,@olex_scherba
@Ishmourda254,@kristyhoffman12
@Ishmourda254,@VaadeD
@Ishmourda254,@planconsia
@Ishmourda254,@Danzfitty
@Ishmourda254,@daudkhalid90
@Ishmourda254,@ZainbiMedia
@Ishmourda254,@Shakirukasa
@Ishmourda254,@Muhamma53124361
@Ishmourda254,@thinkablesoul
@Ishmourda254,@Muhamma53124361
@Ishmourda254,@AmitPalEngineer
@Ishmourda254,@AzeriTimes
@Ishmourda254,@terezadickson
@Ishmourda254,@Danny_King1
@Ishmourda254,@MirrorFootball
@Ishmourda254,@CFCPys
@Ishmourda254,@Boro
@Ishmourda254,@BlackKnight10k
@Ishmourda254,@KyivIndependent
@Ishmourda254,@ethanmwolf
@Ishmourda254,@michaeldweiss
@Ishmourda254,@EuromaidanPress
@Ishmourda254,@terezadickson
@Ishmourda254,@AzeriTimes
@Ishmourda254,@travisakers
@Ishmourda254,@WarsArchives
@Ishmourda254,@olgatokariuk
@Ishmourda254,@MFA_Ukraine
@Ishmourda254,@IAPonomarenko
@Ishmourda254,@ABreakingWorld
@Ishmourda254,@DasVanthala
@Ishmourda254,@saint_rebel
@Ishmourda254,@sanakha88862533
@Ishmourda254,@Volodymyr__Zele
@Ishmourda254,@cindylocke47
@Ishmourda254,@IsMeEmmanuel
@Ishmourda254,@Lynda9291
@Ishmourda254,@Bestbrainnn
@Ishmourda254,@InterfereNot
@Ishmourda254,@IAPonomarenkoo
@Ishmourda254,@oleksandr5s
@Ishmourda254,@Die__Trying_
@Ishmourda254,@Ashrafu21020166
@Ishmourda254,@deAdder
@Ishmourda254,@Rajwant38869482
@Ishmourda254,@BadrobotLinda
@Ishmourda254,@fowzi1974
@Ishmourda254,@msfy_toress
@Ishmourda254,@Russia
@Ishmourda254,@Russia
@Ishmourda254,@Russia
@Ishmourda254,@Russia
@Ishmourda254,@IdaFMartinez1
@Ishmourda254,@Russia
@Ishmourda254,@Russia
@Ishmourda254,@Russia
@Ishmourda254,@Russia
@Ishmourda254,@Russia
@Ishmourda254,@Russia
@Ishmourda254,@Russia
@Ishmourda254,@Russia
@Ishmourda254,@Russia
@Ishmourda254,@Russia
@Ishmourda254,@Russia
@Ishmourda254,@Russia
@Ishmourda254,@Russia
@Ishmourda254,@Russia
@Ishmourda254,@Russia
@Ishmourda254,@Russia
@Ishmourda254,@Russia
@Ishmourda254,@Russia
@Ishmourda254,@Russia
@Ishmourda254,@UkraineNews0
@Ishmourda254,@Russia
@Ishmourda254,@Matt_Law_DT
@Ishmourda254,@Russia
@Ishmourda254,@Russia
@Ishmourda254,@Russia
@Ishmourda254,@Russia
@Ishmourda254,@Russia
@Ishmourda254,@Russia
@Ishmourda254,@Russia
@Ishmourda254,@Russia
@Ishmourda254,@Russia
@Ishmourda254,@Russia
@Ishmourda254,@Russia
@Ishmourda254,@Russia
@Ishmourda254,@Russia
@Ishmourda254,@Russia
@Ishmourda254,@Russia
@Ishmourda254,@Russia
@Ishmourda254,@BBCWorld
@Ishmourda254,@Russia
@Ishmourda254,@Russia
@Ishmourda254,@Russia
@Ishmourda254,@Russia
@Ishmourda254,@Russia
@Ishmourda254,@Russia
@Ishmourda254,@Russia
@Ishmourda254,@Russia
@Ishmourda254,@Russia
@Ishmourda254,@Russia
@Ishmourda254,@Russia
@Ishmourda254,@Russia
@Ishmourda254,@Russia
@Ishmourda254,@Russia
@Ishmourda254,@Russia
@Ishmourda254,@MeysawG
@Ishmourda254,@Russia
@Ishmourda254,@ProtaganistSS
@Ishmourda254,@Russia
@Ishmourda254,@BlackSoul_AZ
@Ishmourda254,@Russia
@Ishmourda254,@nightmareofdrav
@Ishmourda254,@Russia
@Ishmourda254,@cnni
@Ishmourda254,@Russia
@onelilsZ,@firefist_woods
@onelilsZ,@fanamokoena
@onelilsZ,@pawelwargan
@onelilsZ,@TruleeIy
@onelilsZ,@Kristiear91
@onelilsZ,@StrongEconomics
@onelilsZ,@RT_com
@onelilsZ,@CartersCabbages
@onelilsZ,@CartersCabbages
@onelilsZ,@MiguelRubio2014
@onelilsZ,@MiguelRubio2014
@onelilsZ,@TruIeeIy
@onelilsZ,@ChuckCallesto
@onelilsZ,@ChuckCallesto
@onelilsZ,@CasaChirva
@onelilsZ,@JustcallmeStuey
@onelilsZ,@sachin012yadav
@onelilsZ,@tmillerpix
@onelilsZ,@Tokyo_Tom
@onelilsZ,@Tokyo_Tom
@onelilsZ,@Tokyo_Tom
@onelilsZ,@DarthDegradati1
@onelilsZ,@agent_of_change
@onelilsZ,@jenminicooper
@onelilsZ,@leeseongwee
@onelilsZ,@jenminicooper
@onelilsZ,@cambodianlimbo
@onelilsZ,@TravisBarnard11
@onelilsZ,@AnalistaHolsti1
@onelilsZ,@HadiNasrallah
@onelilsZ,@RT_com
@onelilsZ,@shyammeranaam
@onelilsZ,@ACanuckistanian
@onelilsZ,@VeraMBergen
@onelilsZ,@leylandCal94
@onelilsZ,@TwelveSix2
@onelilsZ,@leylandCal94
@onelilsZ,@tomatothepotato
@onelilsZ,@tomatothepotato
@onelilsZ,@leylandCal94
@onelilsZ,@phenomenalttv
@onelilsZ,@siskroh
@onelilsZ,@leylandCal94
@onelilsZ,@leylandCal94
@onelilsZ,@siskroh
@onelilsZ,@davebyrne01
@onelilsZ,@AlertChannel
@onelilsZ,@BassilSabelo
@onelilsZ,@tankmctankytank
@onelilsZ,@TruIeeIy
@onelilsZ,@Jevsid
@onelilsZ,@AnalistaHolsti1
@onelilsZ,@freedomrideblog
@onelilsZ,@MiguelRubio2014
@onelilsZ,@MiguelRubio2014
@onelilsZ,@RiidhoM
@onelilsZ,@RiidhoM
@onelilsZ,@ChuckCallesto
@onelilsZ,@TruIeeIy
@onelilsZ,@TruIeeIy
@onelilsZ,@RT_com
@onelilsZ,@timand2037
@onelilsZ,@BrotherWarfare
@onelilsZ,@_ChrisRandolph
@onelilsZ,@RWApodcast
@onelilsZ,@RWApodcast
@onelilsZ,@RWApodcast
@onelilsZ,@ASBMilitary
@onelilsZ,@freedomrideblog
@onelilsZ,@RT_com
@onelilsZ,@RealScottRitter
@onelilsZ,@RT_com
@onelilsZ,@p8CntcBCrbZpMyB
@onelilsZ,@pshay2112
@onelilsZ,@pshay2112
@onelilsZ,@DarthVegan5
@onelilsZ,@Robert_Bridge
@onelilsZ,@RT_com
@onelilsZ,@RT_com
@onelilsZ,@shustry
@onelilsZ,@TwelveSix2
@onelilsZ,@leylandCal94
@onelilsZ,@phenomenalttv
@onelilsZ,@siskroh
@onelilsZ,@siskroh
@onelilsZ,@phenomenalttv
@onelilsZ,@leylandCal94
@onelilsZ,@RT_com
@onelilsZ,@Mikesforyou
@onelilsZ,@phenomenalttv
@onelilsZ,@RT_com
@onelilsZ,@RT_com
@onelilsZ,@InfoAtac
@onelilsZ,@RiidhoM
@onelilsZ,@RiidhoM
@onelilsZ,@RT_com
@onelilsZ,@RT_com
@onelilsZ,@TulsiPress
@onelilsZ,@NATO
@onelilsZ,@HadiNasrallah
@onelilsZ,@HadiNasrallah
@onelilsZ,@phenomenalttv
@onelilsZ,@phenomenalttv
@onelilsZ,@RT_com
@onelilsZ,@RT_com
@onelilsZ,@RT_com
@onelilsZ,@RT_com
@onelilsZ,@RT_com
@onelilsZ,@phenomenalttv
@onelilsZ,@RT_com
@ishaan_2711,@ParagonWorli18
@ishaan_2711,@cnni
@ishaan_2711,@ZelenskyyUa
@ishaan_2711,@vonderleyen
@itsmathews_,@ItsMutai
@itsmathews_,@EUinKenya
@itsmathews_,@GermanyinKenya
@Ja50n7,@ItsMutai
@Ja50n7,@fifamedia
@Ja50n7,@fifamedia
@Ja50n7,@fifamedia
@Ja50n7,@EUinKenya
@Ja50n7,@UEFA
@Ja50n7,@UEFA
@Ja50n7,@UEFA
@Ja50n7,@GermanyinKenya
@JAbrar,@adnanaadil
@JAbrar,@fawadchaudhry
@jbm_west,@AjimaDesmond
@jbm_west,@nicksonmwangale
@jmwanyumba,@AJEnglish
@jmwanyumba,@ForeignOfficeKE
@jmwanyumba,@_AfricanUnion
@JRAJENDRAN_2004,@BenjaminJahn10
@JRAJENDRAN_2004,@Shy_Sushh
@Justice4Amhara,@imraansiddiqi
@Justice4Amhara,@charliecbs
@Justice4Amhara,@YesYoureRacist
@KadereNews,@KenyaPower
@KadereNews,@KenyaPower_Care
@kanishk_jangira,@sonammalhotra27
@kanishk_jangira,@EU_Commission
@kanishk_jangira,@Europarl_EN
@karibuMathare,@FCE365
@karibuMathare,@Bambiey57428487
@karibuMathare,@LiveHappySober
@Kelmwa0,@kafangi
@Kelmwa0,@_The_Littlepoet
@khanmansoor001,@POTUS
@khanmansoor001,@UnitedNationsRU
@khanmansoor001,@OICatUN
@VijayChavan182,@Porter_Anderson
@VijayChavan182,@TheDailyShow
@VijayChavan182,@TheDailyShow
@VijayChavan182,@Iamnehawasnik
@VijayChavan182,@SENSIMILLIEA
@VijayChavan182,@CBSNews
@VijayChavan182,@LateNightSeth
@VijayChavan182,@dimat_
@VijayChavan182,@sarasidnerCNN
@VijayChavan182,@NBCNews
@VijayChavan182,@sethmeyers
@VijayChavan182,@MehdiHasanShow
@zethkipsigei,@DKambKenSom
@zethkipsigei,@UKinKenya
@zethkipsigei,@SwissEmbassyKE
@zethkipsigei,@JaneMarriottUK
@zethkipsigei,@JaneMarriottUK
@zethkipsigei,@JaneMarriottUK
@zethkipsigei,@UKinKenya
@zethkipsigei,@DKambKenSom
@zethkipsigei,@AmbBrouwer
@zethkipsigei,@denmarkinkenya
@zethkipsigei,@denmarkinkenya
@zethkipsigei,@UKinKenya
@ZunderCadabra,@MylesJohndmyles
@ZunderCadabra,@SkySportsPL
@ZunderCadabra,@SkySports
@ZunderCadabra,@arde_bayo
@ZunderCadabra,@LarryNnanna
@Betukibee,@RobertAlai
@Betukibee,@Ukraine
@billystephen9,@ZelenskyyUa
@billystephen9,@BorisJohnson
@billystephen9,@AndrzejDuda
@BoruMeti,@antonioguterres
@BoruMeti,@UNHumanRights
@BoruMeti,@_AfricanUnion
@BoruMeti,@_AfricanUnion
@BoruMeti,@antonioguterres
@BoscoMwangila,@Auba
@BoscoMwangila,@m8arteta
@BoscoMwangila,@FCBarcelona
@Brahmaj_India,@UNHumanRights
@Brahmaj_India,@MFA_Ukraine
@Calljohn_ASAP,@AlanRMacLeod
@Calljohn_ASAP,@MaddySFM
@carameel67,@AlanRMacLeod
@carameel67,@MaddySFM
@Carol_Makandi,@TracyMorison
@Carol_Makandi,@prizmbreaker
@Carol_Makandi,@Asfodelium
@cartex___,@le_mortal_chick
@cartex___,@AbihaZaidi21
@Chakshu_garg07,@whiskeyglass2
@Chakshu_garg07,@LilibethJaquez
@CharlesNyandusi,@CharlesNyandusi
@CharlesNyandusi,@maluki_moses
@CharlesNyandusi,@maluki_moses
@CharlieUKEY,@romillyweeks
@CharlieUKEY,@itvnews
@codingabhi,@Russia
@codingabhi,@KremlinRussia_E
@collective_ham,@JZweiblumen
@collective_ham,@keatenmansfield
@collo_coco,@RobertAlai
@collo_coco,@MuchuiMwirabua
@corona_wl_lose,@_rahulaggarwal
@corona_wl_lose,@ANI
@danniwainaina,@chipfranklin
@danniwainaina,@CalltoActivism
@Debasis83030036,@antonioguterres
@Debasis83030036,@calxandr
@deliari25,@CanAmPolitics1
@deliari25,@StvenGoldstein
@deshi_liberal,@NATO
@deshi_liberal,@POTUS
@devy09,@CNN
@devy09,@BBCNews
@didolegonche,@mehdirhasan
@didolegonche,@MSNBC
@didolegonche,@AymanM
@doubleksam,@NeithanBigTime
@doubleksam,@HEBobiwine
@dude_flawless,@propnetwork1
@dude_flawless,@KremlinRussia_E
@dude_flawless,@Valerie11982961
@dude_flawless,@thefreeworldUkr
@dude_flawless,@KremlinRussia_E
@dude_flawless,@thefreeworldUkr
@dude_flawless,@KremlinRussia_E
@helweh,@EmmanuelMacron
@helweh,@UN
@hitkan,@WIONews
@hitkan,@palkisu
@hlabane_g,@News24
@hlabane_g,@BISouthAfrica
@hlabane_g,@AdriaanBasson
@iamjacklatif,@MeidasTouch
@iamjacklatif,@DictatorWatch
@iamjacklatif,@kirstielen15
@iamjacklatif,@Brayson53233089
@IamJohnCena2004,@AndreiBorzOdd
@IamJohnCena2004,@yushh1388
@IamJohnCena2004,@narendramodi
@imaatifkhan,@MirMAKOfficial
@imaatifkhan,@EU_Commission
@Infinite_echoes,@tanvi_madan
@Infinite_echoes,@GermanyDiplo
@Infinite_echoes,@nzekiev
@Infinite_echoes,@CNN
@Infinite_echoes,@BBCBreaking
@Infinite_echoes,@harshraj260
@Infinite_echoes,@IndiainUkraine
@Infinite_echoes,@IndiainPoland
@KigenSumukwo,@manazar101
@KigenSumukwo,@lesiavasylenko
@Kimpa_7,@BFMTVNewsDesk
@Kimpa_7,@CNN
@Kinyua_WaMaina,@KingsWinners
@Kinyua_WaMaina,@cbs_ke
@Kinyua_WaMaina,@ZelenskyyUa
@Kirui24,@ItsMutai
@Kirui24,@RobertAlai
@KithekaDon,@NATO
@KithekaDon,@KremlinRussia_E
@KithekaDon,@WilliamsRuto
@KithekaDon,@GovernorNanok
@KithekaDon,@GovernorMvurya
@KungKosh,@UKinKenya
@KungKosh,@denmarkinkenya
@KungKosh,@NorwayInKenya
@KuznickiJakub,@Ishmourda254
@KuznickiJakub,@IdaFMartinez1
@KuznickiJakub,@Russia
@afizejem,@maduna_vuyani
@afizejem,@DoubleBouble777
@afizejem,@sjefenigata
@AIdreessy,@UkraineRussia03
@AIdreessy,@Russia
@AIdreessy,@Ukraine
@akash_gupta9512,@BorisJohnson
@akash_gupta9512,@POTUS
@akash_gupta9512,@JoeBiden
@Alhaaji01,@NBerlangaEU
@Alhaaji01,@stefanomanservi
@Alhaaji01,@_AfricanUnion
@alisipl,@BBCNews
@alisipl,@HayatAlvi
@alisipl,@ZelenskyyUa
@Aliyah00001,@sadek
@Aliyah00001,@BBCWorld
@Aliyah00001,@Tomski004
@Aliyah00001,@ChampeMaxwells
@Aliyah00001,@ItsMutai
@Aliyah00001,@Tomski004
@Aliyah00001,@ChampeMaxwells
@Aliyah00001,@ItsMutai
@AlmadanBasel,@FIFAcom
@AlmadanBasel,@UEFA
@amitraj87,@gauravcsawant
@amitraj87,@KremlinRussia_E
@Anon2i2mous,@adrianblomfield
@Anon2i2mous,@harrisknowing
@ansari0294,@GermanyDiplo
@ansari0294,@germanyintheeu
@arapchege1,@bonifacemwangi
@arapchege1,@BarackObama
@arnold_ob,@BenceTo51958879
@arnold_ob,@volume10ttt
@ArtCashy,@bikebunny1
@ArtCashy,@NataliaZwirska
@ArtCashy,@loveindoe
@ArtCashy,@bikebunny1
@ArtCashy,@NataliaZwirska
@ArtCashy,@loveindoe
@Aryasamaji1234,@majorgauravarya
@Aryasamaji1234,@MedvedevRussiaE
@Aryasamaji1234,@shashank_ssj
@askineric,@courtines
@askineric,@AlanRMacLeod
@askineric,@kthalps
@AssalifD,@_AfricanUnion
@AssalifD,@euronews
@AssalifD,@UN
@Athiest_Hindu,@palkisu
@Athiest_Hindu,@ZelenskyyUa
@Athiest_Hindu,@WIONews
@AvinashGha95,@rnathtwits
@AvinashGha95,@vaibhavUP65
@barhi8,@charliecbs
@barhi8,@CBSNews
@barhi8,@NorahODonnell
@barhi8,@charliecbs
@barhi8,@NorahODonnell
@BBF8droid,@samued5r
@BBF8droid,@TubbsMokoena
@BBF8droid,@AfricaFactsZone
@BBF8droid,@BujasRa
@BBF8droid,@samued5r
@BBF8droid,@TubbsMokoena
@BBF8droid,@EugenioHexel
@elnjoroge23,@ckoettl
@elnjoroge23,@Maxar
@EngSajedMalik,@news24tvchannel
@EngSajedMalik,@Pallavi_1818
@enitarobentrop,@nowthisnews
@enitarobentrop,@Refugees
@enitarobentrop,@RefugeesIntl
@EyaniScholar,@McD_Motsaafela1
@EyaniScholar,@Sentletse
@FjCschmitt,@Bundeskanzler
@FjCschmitt,@ABaerbock
@flosinmauwano,@karenmwakio
@flosinmauwano,@ZelenskyyUa
@FYankee3,@vonderleyen
@FYankee3,@ZelenskyyUa
@GalaxyInc05,@DrollPeter
@GalaxyInc05,@EU_Commission
@GhanghorB,@caesar_on20
@GhanghorB,@realMugoDaniel
@GhanghorB,@OlalaAgain
@GhanghorB,@sheepish_lion_
@GhanghorB,@83bytes
@GhanghorB,@sheepish_lion_
@Ghostie_Linah,@Jahnser__
@Ghostie_Linah,@melodyMcooper
@Gichwizo,@emanG93581071
@Gichwizo,@Independent
@Gichwizo,@TRensiem
@Gichwizo,@Independent
@GiftkennethG1,@HQNigerianArmy
@GiftkennethG1,@PoliceNG
@gusdureen,@republikaonline
@gusdureen,@EU_Commission
@gusdureen,@Europarl_EN
@HabeebKhaleel3,@JustinTrudeau
@HabeebKhaleel3,@POTUS.
@HabeebKhaleel3,@JustinTrudeau
@HabeebKhaleel3,@POTUS.
@hannamendesil,@ESPNFC
@hannamendesil,@markadwa
@HardTruth6,@SkyNews
@HardTruth6,@skynews
@HarunaNAbdullah,@georgegalloway
@HarunaNAbdullah,@snarwani
@HarunaNAbdullah,@KhaledBeydoun
@HarunaNAbdullah,@J3554R
@Hellsquad_82,@AnnoyedAus2021
@Hellsquad_82,@rezarvhimi
@Hellsquad_82,@lapatina_
@Hellsquad_82,@AnnoyedAus2021
@Hellsquad_82,@rezarvhimi
@Hellsquad_82,@lapatina_
@Hellsquad_82,@mohawksk
@maithilibaliga,@gsarquis
@maithilibaliga,@ZelenskyyUa
@ManutripathiRSS,@peckham65Grant
@ManutripathiRSS,@KremlinRussia_E
@MasliMohamed,@hrw
@MasliMohamed,@UN
@masterpiece_007,@adidas
@masterpiece_007,@Apple
@masterpiece_007,@Google
@mazi_at,@KremlinRussia_E
@mazi_at,@PeopleIpob
@mazi_at,@real_IpobDOS
@MeekAssgood23,@BBCBreaking
@MeekAssgood23,@CNN
@meltemderler,@EUCouncil
@meltemderler,@eu_eeas
@meltemderler,@EU_Commission
@meltemderler,@eu_eeas
@MENAspectator,@KellyCobiella
@MENAspectator,@NBCNews
@MENAspectator,@NBCNewsWorld
@MhariKyuri,@Europarl_EN
@MhariKyuri,@UN
@MhariKyuri,@IMFNews
@mian_arehman,@PDChina
@mian_arehman,@IndianExpress
@mian_arehman,@dawn_com
@mian_taqeel,@Saku20483427
@mian_taqeel,@NewVoiceUkraine
@Mk1A_Mhr_,@Rosana_Oliveira
@Mk1A_Mhr_,@Runkgren
@Mk1A_Mhr_,@BlueSurg
@mohitti,@JavierBlas
@mohitti,@sunandavashisht
@MohitUCS,@UNHumanRights
@MohitUCS,@RusEmbIndia
@MohitUCS,@EmbassyofRussia
@mojtabaaltarazi,@NBCNews
@mojtabaaltarazi,@UNHumanRights
@mojtabaaltarazi,@Refugees
@Mok1967SG,@ULTRAKAERL
@Mok1967SG,@AfDVerdachtfall
@Mok1967SG,@Beaute_du_Noir_
@MoretteThompson,@KimJohnsonMP
@MoretteThompson,@Jackiew80333500
@MOSEMBEHESBON,@mehdirhasan
@MOSEMBEHESBON,@GerardAraud
@Mtalii_Official,@OtileBrown
@Mtalii_Official,@harmonize_tz
@mucciwears,@James81565138
@mucciwears,@Entropy486912
@mucciwears,@BatmanFrmWuhan
@muraitc,@madan3
@muraitc,@madan3
@Mutichilolaw,@PolandMFA
@Mutichilolaw,@EU_Commission
@Mutirah0,@Julius_S_Malema
@Mutirah0,@africareview
@Ngugi851,@kristiecsu
@Ngugi851,@briantylercohen
@Ngugi851,@BlackAzizAnsari
@nicholas_64,@Mujeebtalks
@nicholas_65,@ZelenskyyUa
@nickrosc,@CNN
@nickrosc,@CNNPolitics
@NiketanG,@MFA_Ukraine
@NiketanG,@UN_Ukraine
@NiketanG,@PolandMFA
@ntunio,@Mkhulus
@ntunio,@BDSmovement
@ntunio,@BDSmovement
@ntunio,@BDSmovement
@ntunio,@Tebatsomankger2
@ntunio,@RT_com
@ntunio,@RT_com
@ntunio,@RT_com
@ntunio,@advovolicious
@samfatayah,@ItsMutai
@samfatayah,@AJEnglish
@SamuelNduch,@MrVegasMusic
@SamuelNduch,@M_inyingi1
@SamuelNduch,@KremlinRussia_E
@Sangachhwadham,@PrettyMayflower
@Sangachhwadham,@nitingzb
@SeeAndDecide,@YourAnonNews
@SeeAndDecide,@LiteMods
@SerenityNow19,@IndiainUkraine
@SerenityNow19,@eoiromania
@SerenityNow19,@IndiainPoland
@ShadrakWamalwa,@MrNaturesdrip
@ShadrakWamalwa,@musa868035362
@ShadrakWamalwa,@Kiptoo024
@ShaneduBarrie1,@Candice57413407
@ShaneduBarrie1,@SkySportsF1
@ShaneduBarrie1,@fia
@shashi_ranjan77,@BBCsarika
@shashi_ranjan77,@BBCNews
@shashi_ranjan77,@BBCWorld
@sheepish_lion_,@FRANCE24
@sheepish_lion_,@EUinKenya
@sheepish_lion_,@EU_Commission
@shonualliance,@mehdirhasan
@shonualliance,@AJEnglish
@sologish,@marlenesimeon
@sologish,@CCRECEMR
@sologish,@Platforma4Dev
@sologish,@marceldirsus
@sologish,@EUinKenya
@TORGAngel,@DmytroKuleba
@TORGAngel,@AlJazeera
@TORGAngel,@BBCWorld
@TORGAngel,@ZelenskyyUa?
@TORGAngel,@AlArabiya
@TORGAngel,@CNN
@TORGAngel,@CBCNews
@TriglavApo,@daddyhope
@TriglavApo,@Telegraph
@truthwsyf,@EU_Commission
@truthwsyf,@Europarl_EN
@truthwsyf,@NATO
@twismjv,@Pepperfire
@twismjv,@CPC_HQ
@TwitbanterKE,@kokosi1
@TwitbanterKE,@renoomokri
@UncleObama_,@sarahrainsford
@UncleObama_,@ShelaghFogarty
@UncleObama_,@ShelaghFogarty
@UncleObama_,@LeftGrassroots
@UncleObama_,@DavidLammy
@UncleObama_,@BBCPolitics
@Whyruso_serious,@ewnreporter
@Nyakwarnyajwa,@Msichana3
@Nyakwarnyajwa,@JimAConnor
@OchiengJapanes,@secgen
@OchiengJapanes,@antonioguterres
@Okello_Kay,@Ash4804
@Okello_Kay,@Ash4804
@Okello_Kay,@littu_nasty
@Okello_Kay,@littu_nasty
@Okello_Kay,@CalvinceKe
@Okello_Kay,@CalvinceKe
@OneRadLatina,@DisruptArt
@OneRadLatina,@DisruptArt
@OneRadLatina,@flow_blockchain
@OneRadLatina,@flow_blockchain
@opiyo_Sml,@dkaleniuk
@opiyo_Sml,@BorisJohnson
@OumaFlo,@stephhegarty
@OumaFlo,@Kenny_Kyp
@Oyondi_Malik,@YouTube
@Oyondi_Malik,@IdaOdinga
@Oyondi_Malik,@TheODMparty
@OzzyDaNyJETSfan,@CBSEveningNews
@OzzyDaNyJETSfan,@redmanjustine
@OzzyDaNyJETSfan,@charliecbs
@phobieadmin,@EricNaulleau
@phobieadmin,@Enthoven_R
@phobieadmin,@manuelvalls
@PkChelzard,@brendyachy
@PkChelzard,@Ukraine
@PkChelzard,@ZelenskyyUa
@Raja_20L,@damciaa
@Raja_20L,@MojaGlowaRadio
@ramulu,@ukr
@ramulu,@MFA_Ukraine
@RashirRitchie,@itsmutai
@RashirRitchie,@AokoOtieno_
@RashirRitchie,@AokoOtieno_
@ravohmaweng,@RailaOdinga
@ravohmaweng,@edwinsifuna
@rhj1910,@mhansliebert
@rhj1910,@MnceMothusi
@rhj1910,@MinhasNajma
@RobertAlai,@phylmario
@RobertAlai,@secgen
@RobertAlai,@secgen
@RobertAlai,@antonioguterres
@RohullahNimat,@trussliz
@RohullahNimat,@BorisJohnson
@Rubndraw,@nytimes
@Rubndraw,@washingtonpost
@Rubndraw,@BBCBreaking
@Rufftoneigiigi,@nimrod.taabu
@Rufftoneigiigi,@hassanmugambi
@SadeAJanae1_,@POTUS
@SadeAJanae1_,@VP
@Salimalbitar,@lucywatsonitv
@Salimalbitar,@itvnews
@SorcererKing1,@CallMeMrShort
@SorcererKing1,@PutinCams
@stevotienoonyi,@iam_a_sorbetero
@stevotienoonyi,@KyivPost
@stevotienoonyi,@IanEsguerra
@SwalehaK,@EU_UNGeneva
@SwalehaK,@UN_HRC
@Teddy_Ogege,@KremlinRussia_E
@Teddy_Ogege,@BarackObama
@teefy,@CNBC
@teefy,@CNN
@ThaSaviior,@PolishEmbassyUS
@ThaSaviior,@PolandMFA
@ThaSaviior,@PolishEmbassyUK
@TheLion86807709,@HenkMei33703766
@TheLion86807709,@RTLnieuws
@ThePharaohsCat,@lapatina_
@ThePharaohsCat,@Ethan4Rhuthun
@ThymeMatterof,@Who29059896
@ThymeMatterof,@MuftiWahidSdy_
@TonyKingv20,@MartaGeeStreams
@TonyKingv20,@EnglishUkraine
@UoWont,@Toe_n_nee
@UoWont,@SquirrelOFRam
@UoWont,@tweets_ss21
@UoWont,@elitepredatorss
@UoWont,@ndtv
@Uss_Cryptopilot,@dutydemocrat
@Uss_Cryptopilot,@findingsandmore
@UttamKu24715134,@business
@UttamKu24715134,@bopinion
@@GermanEmbassySA,@NelsonMandela
@@GermanEmbassySA,@Aamani_03
@@GermanEmbassySA,@ANI
@@GermanEmbassySA,@Ukraine
@@GermanEmbassySA,@MFA_Ukraine
@vikdodiyavik,@guder_ben
@vikdodiyavik,@W0lverineupdate
@VinaySh15704548,@EU_Commission
@VinaySh15704548,@Europarl_EN
@VinaySh15704548,@Europarl_EN
@VipulBipul,@BobbieNYC10012
@VipulBipul,@KremlinRussia_E
@whynothomer,@peterjukes
@whynothomer,@ukhomeoffice
